,uur,timestamp,image,temp,windbft,windkmh,windknp,windms,windrgr,windr,neersl,gr,plaats
0,05-03-2025 16:00,1741186800,wolkennacht,10,2,10,6,3,243,ZW,0,208,Assen
1,05-03-2025 17:00,1741190400,helderenacht,9,2,7,4,2,238,ZW,0,78,Assen
2,05-03-2025 18:00,1741194000,helderenacht,7,2,7,4,2,205,Z,0,3,Assen
3,05-03-2025 19:00,1741197600,helderenacht,5,2,7,4,2,191,Z,0,0,Assen
4,05-03-2025 20:00,1741201200,helderenacht,4,2,10,6,3,191,Z,0,0,Assen
5,05-03-2025 21:00,1741204800,helderenacht,3,2,10,6,3,194,Z,0,0,Assen
6,05-03-2025 22:00,1741208400,helderenacht,2,2,10,6,3,182,Z,0,0,Assen
7,05-03-2025 23:00,1741212000,helderenacht,2,2,10,6,3,189,Z,0,0,Assen
8,06-03-2025 00:00,1741215600,helderenacht,2,2,10,6,3,182,Z,0,0,Assen
9,06-03-2025 01:00,1741219200,helderenacht,2,2,10,6,3,187,Z,0,0,Assen
10,06-03-2025 02:00,1741222800,helderenacht,2,2,10,6,3,191,Z,0,0,Assen
11,06-03-2025 03:00,1741226400,helderenacht,2,2,10,6,3,203,Z,0,0,Assen
12,06-03-2025 04:00,1741230000,helderenacht,2,2,10,6,3,203,Z,0,0,Assen
13,06-03-2025 05:00,1741233600,helderenacht,2,2,7,4,2,188,Z,0,0,Assen
14,06-03-2025 06:00,1741237200,helderenacht,1,2,10,6,3,187,Z,0,0,Assen
15,06-03-2025 07:00,1741240800,helderenacht,1,2,10,6,3,181,Z,0,28,Assen
16,06-03-2025 08:00,1741244400,zonnig,2,2,10,6,3,187,Z,0,144,Assen
17,06-03-2025 09:00,1741248000,halfbewolkt,4,2,10,6,3,191,Z,0,266,Assen
18,06-03-2025 10:00,1741251600,lichtbewolkt,6,2,10,6,3,197,Z,0,379,Assen
19,06-03-2025 11:00,1741255200,halfbewolkt,9,2,10,6,3,202,Z,0,468,Assen
20,06-03-2025 12:00,1741258800,halfbewolkt,11,3,14,8,4,210,Z,0,490,Assen
21,06-03-2025 13:00,1741262400,zonnig,12,3,14,8,4,209,Z,0,490,Assen
22,06-03-2025 14:00,1741266000,zonnig,13,2,10,6,3,206,Z,0,432,Assen
23,06-03-2025 15:00,1741269600,lichtbewolkt,14,3,14,8,4,203,Z,0,335,Assen
24,05-03-2025 16:00,1741186800,helderenacht,10,2,10,6,3,220,ZW,0,227,Lelystad
25,05-03-2025 17:00,1741190400,helderenacht,10,2,7,4,2,288,W,0,89,Lelystad
26,05-03-2025 18:00,1741194000,helderenacht,9,2,7,4,2,301,W,0,6,Lelystad
27,05-03-2025 19:00,1741197600,helderenacht,7,1,3,2,1,300,W,0,0,Lelystad
28,05-03-2025 20:00,1741201200,helderenacht,5,1,3,2,1,147,ZO,0,0,Lelystad
29,05-03-2025 21:00,1741204800,helderenacht,4,1,3,2,1,155,ZO,0,0,Lelystad
30,05-03-2025 22:00,1741208400,helderenacht,3,2,7,4,2,154,ZO,0,0,Lelystad
31,05-03-2025 23:00,1741212000,helderenacht,2,3,14,8,4,150,ZO,0,0,Lelystad
32,06-03-2025 00:00,1741215600,helderenacht,2,2,10,6,3,157,ZO,0,0,Lelystad
33,06-03-2025 01:00,1741219200,helderenacht,2,2,10,6,3,182,Z,0,0,Lelystad
34,06-03-2025 02:00,1741222800,helderenacht,2,2,10,6,3,180,Z,0,0,Lelystad
35,06-03-2025 03:00,1741226400,helderenacht,2,2,7,4,2,187,Z,0,0,Lelystad
36,06-03-2025 04:00,1741230000,helderenacht,2,2,7,4,2,179,Z,0,0,Lelystad
37,06-03-2025 05:00,1741233600,helderenacht,2,2,7,4,2,171,Z,0,0,Lelystad
38,06-03-2025 06:00,1741237200,helderenacht,2,2,10,6,3,173,Z,0,0,Lelystad
39,06-03-2025 07:00,1741240800,nachtbewolkt,2,2,10,6,3,170,Z,0,22,Lelystad
40,06-03-2025 08:00,1741244400,halfbewolkt,3,2,10,6,3,177,Z,0,133,Lelystad
41,06-03-2025 09:00,1741248000,lichtbewolkt,4,2,10,6,3,180,Z,0,263,Lelystad
42,06-03-2025 10:00,1741251600,zonnig,6,2,10,6,3,189,Z,0,391,Lelystad
43,06-03-2025 11:00,1741255200,zonnig,9,2,10,6,3,186,Z,0,476,Lelystad
44,06-03-2025 12:00,1741258800,zonnig,11,2,10,6,3,187,Z,0,512,Lelystad
45,06-03-2025 13:00,1741262400,zonnig,13,3,14,8,4,197,Z,0,504,Lelystad
46,06-03-2025 14:00,1741266000,halfbewolkt,14,3,14,8,4,204,Z,0,440,Lelystad
47,06-03-2025 15:00,1741269600,halfbewolkt,14,2,10,6,3,190,Z,0,302,Lelystad
48,05-03-2025 16:00,1741186800,halfbewolkt,9,3,14,8,4,220,ZW,0,219,Leeuwarden
49,05-03-2025 17:00,1741190400,halfbewolkt,8,3,14,8,4,208,Z,0,86,Leeuwarden
50,05-03-2025 18:00,1741194000,helderenacht,7,3,14,8,4,208,Z,0,3,Leeuwarden
51,05-03-2025 19:00,1741197600,helderenacht,6,2,10,6,3,202,Z,0,0,Leeuwarden
52,05-03-2025 20:00,1741201200,helderenacht,5,3,14,8,4,199,Z,0,0,Leeuwarden
53,05-03-2025 21:00,1741204800,helderenacht,4,3,14,8,4,188,Z,0,0,Leeuwarden
54,05-03-2025 22:00,1741208400,helderenacht,3,3,14,8,4,186,Z,0,0,Leeuwarden
55,05-03-2025 23:00,1741212000,helderenacht,2,2,10,6,3,192,Z,0,0,Leeuwarden
56,06-03-2025 00:00,1741215600,helderenacht,2,2,10,6,3,199,Z,0,0,Leeuwarden
57,06-03-2025 01:00,1741219200,helderenacht,2,2,10,6,3,196,Z,0,0,Leeuwarden
58,06-03-2025 02:00,1741222800,helderenacht,2,2,10,6,3,194,Z,0,0,Leeuwarden
59,06-03-2025 03:00,1741226400,helderenacht,2,2,10,6,3,191,Z,0,0,Leeuwarden
60,06-03-2025 04:00,1741230000,helderenacht,2,2,10,6,3,188,Z,0,0,Leeuwarden
61,06-03-2025 05:00,1741233600,helderenacht,2,2,7,4,2,184,Z,0,0,Leeuwarden
62,06-03-2025 06:00,1741237200,helderenacht,2,2,10,6,3,174,Z,0,0,Leeuwarden
63,06-03-2025 07:00,1741240800,helderenacht,2,2,10,6,3,177,Z,0,25,Leeuwarden
64,06-03-2025 08:00,1741244400,halfbewolkt,3,2,10,6,3,178,Z,0,136,Leeuwarden
65,06-03-2025 09:00,1741248000,halfbewolkt,5,2,10,6,3,194,Z,0,260,Leeuwarden
66,06-03-2025 10:00,1741251600,halfbewolkt,7,2,10,6,3,198,Z,0,379,Leeuwarden
67,06-03-2025 11:00,1741255200,halfbewolkt,9,3,14,8,4,199,Z,0,449,Leeuwarden
68,06-03-2025 12:00,1741258800,zonnig,11,3,14,8,4,202,Z,0,499,Leeuwarden
69,06-03-2025 13:00,1741262400,zonnig,12,3,14,8,4,205,Z,0,493,Leeuwarden
70,06-03-2025 14:00,1741266000,zonnig,13,3,14,8,4,205,Z,0,432,Leeuwarden
71,06-03-2025 15:00,1741269600,halfbewolkt,13,3,14,8,4,203,Z,0,338,Leeuwarden
72,05-03-2025 16:00,1741186800,helderenacht,10,2,7,4,2,213,ZW,0,227,Arnhem
73,05-03-2025 17:00,1741190400,helderenacht,10,2,7,4,2,210,Z,0,91,Arnhem
74,05-03-2025 18:00,1741194000,helderenacht,9,1,3,2,1,215,ZW,0,3,Arnhem
75,05-03-2025 19:00,1741197600,helderenacht,7,1,3,2,1,121,ZO,0,0,Arnhem
76,05-03-2025 20:00,1741201200,helderenacht,5,2,7,4,2,99,O,0,0,Arnhem
77,05-03-2025 21:00,1741204800,helderenacht,4,2,7,4,2,150,ZO,0,0,Arnhem
78,05-03-2025 22:00,1741208400,helderenacht,3,1,3,2,1,148,ZO,0,0,Arnhem
79,05-03-2025 23:00,1741212000,helderenacht,3,1,3,2,1,155,ZO,0,0,Arnhem
80,06-03-2025 00:00,1741215600,helderenacht,3,2,7,4,2,160,ZO,0,0,Arnhem
81,06-03-2025 01:00,1741219200,helderenacht,3,1,3,2,1,152,ZO,0,0,Arnhem
82,06-03-2025 02:00,1741222800,helderenacht,3,2,7,4,2,152,ZO,0,0,Arnhem
83,06-03-2025 03:00,1741226400,helderenacht,2,1,3,2,1,138,ZO,0,0,Arnhem
84,06-03-2025 04:00,1741230000,helderenacht,2,1,3,2,1,136,ZO,0,0,Arnhem
85,06-03-2025 05:00,1741233600,helderenacht,2,2,7,4,2,150,ZO,0,0,Arnhem
86,06-03-2025 06:00,1741237200,helderenacht,2,2,7,4,2,153,ZO,0,0,Arnhem
87,06-03-2025 07:00,1741240800,helderenacht,2,2,7,4,2,149,ZO,0,25,Arnhem
88,06-03-2025 08:00,1741244400,halfbewolkt,3,1,3,2,1,153,ZO,0,144,Arnhem
89,06-03-2025 09:00,1741248000,zonnig,5,2,7,4,2,179,Z,0,280,Arnhem
90,06-03-2025 10:00,1741251600,zonnig,7,2,7,4,2,182,Z,0,402,Arnhem
91,06-03-2025 11:00,1741255200,zonnig,9,2,7,4,2,187,Z,0,482,Arnhem
92,06-03-2025 12:00,1741258800,zonnig,11,2,7,4,2,195,Z,0,518,Arnhem
93,06-03-2025 13:00,1741262400,zonnig,13,2,7,4,2,200,Z,0,512,Arnhem
94,06-03-2025 14:00,1741266000,halfbewolkt,14,2,7,4,2,199,Z,0,454,Arnhem
95,06-03-2025 15:00,1741269600,halfbewolkt,14,2,7,4,2,184,Z,0,285,Arnhem
96,05-03-2025 16:00,1741186800,wolkennacht,10,2,10,6,3,243,ZW,0,208,Groningen
97,05-03-2025 17:00,1741190400,helderenacht,9,2,7,4,2,238,ZW,0,78,Groningen
98,05-03-2025 18:00,1741194000,helderenacht,7,2,7,4,2,205,Z,0,3,Groningen
99,05-03-2025 19:00,1741197600,helderenacht,5,2,7,4,2,191,Z,0,0,Groningen
100,05-03-2025 20:00,1741201200,helderenacht,4,2,10,6,3,191,Z,0,0,Groningen
101,05-03-2025 21:00,1741204800,helderenacht,3,2,10,6,3,194,Z,0,0,Groningen
102,05-03-2025 22:00,1741208400,helderenacht,2,2,10,6,3,182,Z,0,0,Groningen
103,05-03-2025 23:00,1741212000,helderenacht,2,2,10,6,3,189,Z,0,0,Groningen
104,06-03-2025 00:00,1741215600,helderenacht,2,2,10,6,3,182,Z,0,0,Groningen
105,06-03-2025 01:00,1741219200,helderenacht,2,2,10,6,3,187,Z,0,0,Groningen
106,06-03-2025 02:00,1741222800,helderenacht,2,2,10,6,3,191,Z,0,0,Groningen
107,06-03-2025 03:00,1741226400,helderenacht,2,2,10,6,3,203,Z,0,0,Groningen
108,06-03-2025 04:00,1741230000,helderenacht,2,2,10,6,3,203,Z,0,0,Groningen
109,06-03-2025 05:00,1741233600,helderenacht,2,2,7,4,2,188,Z,0,0,Groningen
110,06-03-2025 06:00,1741237200,helderenacht,1,2,10,6,3,187,Z,0,0,Groningen
111,06-03-2025 07:00,1741240800,helderenacht,1,2,10,6,3,181,Z,0,28,Groningen
112,06-03-2025 08:00,1741244400,zonnig,2,2,10,6,3,187,Z,0,144,Groningen
113,06-03-2025 09:00,1741248000,halfbewolkt,4,2,10,6,3,191,Z,0,266,Groningen
114,06-03-2025 10:00,1741251600,lichtbewolkt,6,2,10,6,3,197,Z,0,379,Groningen
115,06-03-2025 11:00,1741255200,halfbewolkt,9,2,10,6,3,202,Z,0,468,Groningen
116,06-03-2025 12:00,1741258800,halfbewolkt,11,3,14,8,4,210,Z,0,490,Groningen
117,06-03-2025 13:00,1741262400,zonnig,12,3,14,8,4,209,Z,0,490,Groningen
118,06-03-2025 14:00,1741266000,zonnig,13,2,10,6,3,206,Z,0,432,Groningen
119,06-03-2025 15:00,1741269600,lichtbewolkt,14,3,14,8,4,203,Z,0,335,Groningen
120,05-03-2025 16:00,1741186800,helderenacht,11,2,7,4,2,258,W,0,235,Maastricht
121,05-03-2025 17:00,1741190400,helderenacht,12,1,3,2,1,264,W,0,97,Maastricht
122,05-03-2025 18:00,1741194000,helderenacht,11,1,3,2,1,130,ZO,0,6,Maastricht
123,05-03-2025 19:00,1741197600,helderenacht,10,2,7,4,2,116,ZO,0,0,Maastricht
124,05-03-2025 20:00,1741201200,helderenacht,9,3,14,8,4,125,ZO,0,0,Maastricht
125,05-03-2025 21:00,1741204800,helderenacht,8,2,10,6,3,148,ZO,0,0,Maastricht
126,05-03-2025 22:00,1741208400,helderenacht,7,2,10,6,3,168,Z,0,0,Maastricht
127,05-03-2025 23:00,1741212000,helderenacht,6,2,10,6,3,170,Z,0,0,Maastricht
128,06-03-2025 00:00,1741215600,helderenacht,6,2,10,6,3,172,Z,0,0,Maastricht
129,06-03-2025 01:00,1741219200,helderenacht,5,2,10,6,3,175,Z,0,0,Maastricht
130,06-03-2025 02:00,1741222800,helderenacht,5,2,10,6,3,173,Z,0,0,Maastricht
131,06-03-2025 03:00,1741226400,helderenacht,5,2,10,6,3,171,Z,0,0,Maastricht
132,06-03-2025 04:00,1741230000,helderenacht,5,3,14,8,4,173,Z,0,0,Maastricht
133,06-03-2025 05:00,1741233600,helderenacht,5,3,14,8,4,174,Z,0,0,Maastricht
134,06-03-2025 06:00,1741237200,helderenacht,5,3,14,8,4,181,Z,0,0,Maastricht
135,06-03-2025 07:00,1741240800,helderenacht,5,3,14,8,4,179,Z,0,28,Maastricht
136,06-03-2025 08:00,1741244400,zonnig,6,2,10,6,3,183,Z,0,152,Maastricht
137,06-03-2025 09:00,1741248000,zonnig,8,3,14,8,4,192,Z,0,302,Maastricht
138,06-03-2025 10:00,1741251600,zonnig,10,3,14,8,4,199,Z,0,432,Maastricht
139,06-03-2025 11:00,1741255200,zonnig,12,3,14,8,4,203,Z,0,521,Maastricht
140,06-03-2025 12:00,1741258800,halfbewolkt,14,3,18,10,5,212,Z,0,557,Maastricht
141,06-03-2025 13:00,1741262400,halfbewolkt,15,3,14,8,4,222,ZW,0,485,Maastricht
142,06-03-2025 14:00,1741266000,halfbewolkt,16,3,14,8,4,211,Z,0,388,Maastricht
143,06-03-2025 15:00,1741269600,halfbewolkt,16,2,10,6,3,198,Z,0,330,Maastricht
144,05-03-2025 16:00,1741186800,helderenacht,12,2,7,4,2,211,Z,0,238,Eindhoven
145,05-03-2025 17:00,1741190400,helderenacht,13,2,7,4,2,197,Z,0,97,Eindhoven
146,05-03-2025 18:00,1741194000,helderenacht,13,2,7,4,2,170,Z,0,6,Eindhoven
147,05-03-2025 19:00,1741197600,helderenacht,12,2,7,4,2,161,ZO,0,0,Eindhoven
148,05-03-2025 20:00,1741201200,helderenacht,11,2,7,4,2,170,Z,0,0,Eindhoven
149,05-03-2025 21:00,1741204800,helderenacht,9,2,7,4,2,185,Z,0,0,Eindhoven
150,05-03-2025 22:00,1741208400,helderenacht,8,1,3,2,1,230,ZW,0,0,Eindhoven
151,05-03-2025 23:00,1741212000,helderenacht,7,2,7,4,2,181,Z,0,0,Eindhoven
152,06-03-2025 00:00,1741215600,helderenacht,6,2,10,6,3,186,Z,0,0,Eindhoven
153,06-03-2025 01:00,1741219200,helderenacht,6,2,10,6,3,181,Z,0,0,Eindhoven
154,06-03-2025 02:00,1741222800,helderenacht,5,2,10,6,3,182,Z,0,0,Eindhoven
155,06-03-2025 03:00,1741226400,helderenacht,5,2,10,6,3,184,Z,0,0,Eindhoven
156,06-03-2025 04:00,1741230000,helderenacht,4,2,7,4,2,191,Z,0,0,Eindhoven
157,06-03-2025 05:00,1741233600,helderenacht,4,2,7,4,2,177,Z,0,0,Eindhoven
158,06-03-2025 06:00,1741237200,helderenacht,4,2,7,4,2,176,Z,0,0,Eindhoven
159,06-03-2025 07:00,1741240800,helderenacht,4,2,7,4,2,172,Z,0,25,Eindhoven
160,06-03-2025 08:00,1741244400,zonnig,5,2,7,4,2,167,ZO,0,147,Eindhoven
161,06-03-2025 09:00,1741248000,zonnig,7,2,7,4,2,177,Z,0,283,Eindhoven
162,06-03-2025 10:00,1741251600,halfbewolkt,9,2,7,4,2,187,Z,0,404,Eindhoven
163,06-03-2025 11:00,1741255200,zonnig,12,2,10,6,3,186,Z,0,499,Eindhoven
164,06-03-2025 12:00,1741258800,halfbewolkt,14,3,14,8,4,194,Z,0,546,Eindhoven
165,06-03-2025 13:00,1741262400,halfbewolkt,15,3,14,8,4,203,Z,0,452,Eindhoven
166,06-03-2025 14:00,1741266000,halfbewolkt,16,2,10,6,3,200,Z,0,396,Eindhoven
167,06-03-2025 15:00,1741269600,halfbewolkt,16,3,14,8,4,188,Z,0,349,Eindhoven
168,05-03-2025 16:00,1741186800,helderenacht,8,3,18,10,5,217,ZW,0,230,Den Helder
169,05-03-2025 17:00,1741190400,helderenacht,8,3,18,10,5,216,ZW,0,94,Den Helder
170,05-03-2025 18:00,1741194000,helderenacht,7,3,18,10,5,214,ZW,0,6,Den Helder
171,05-03-2025 19:00,1741197600,helderenacht,7,3,14,8,4,213,ZW,0,0,Den Helder
172,05-03-2025 20:00,1741201200,helderenacht,6,2,10,6,3,187,Z,0,0,Den Helder
173,05-03-2025 21:00,1741204800,helderenacht,5,3,14,8,4,180,Z,0,0,Den Helder
174,05-03-2025 22:00,1741208400,helderenacht,5,3,14,8,4,191,Z,0,0,Den Helder
175,05-03-2025 23:00,1741212000,helderenacht,4,3,14,8,4,189,Z,0,0,Den Helder
176,06-03-2025 00:00,1741215600,helderenacht,4,3,14,8,4,186,Z,0,0,Den Helder
177,06-03-2025 01:00,1741219200,helderenacht,4,3,14,8,4,186,Z,0,0,Den Helder
178,06-03-2025 02:00,1741222800,helderenacht,4,3,14,8,4,191,Z,0,0,Den Helder
179,06-03-2025 03:00,1741226400,helderenacht,4,2,10,6,3,196,Z,0,0,Den Helder
180,06-03-2025 04:00,1741230000,helderenacht,3,2,7,4,2,189,Z,0,0,Den Helder
181,06-03-2025 05:00,1741233600,helderenacht,3,2,10,6,3,178,Z,0,0,Den Helder
182,06-03-2025 06:00,1741237200,helderenacht,3,2,10,6,3,176,Z,0,0,Den Helder
183,06-03-2025 07:00,1741240800,helderenacht,3,2,10,6,3,177,Z,0,19,Den Helder
184,06-03-2025 08:00,1741244400,lichtbewolkt,4,2,10,6,3,186,Z,0,130,Den Helder
185,06-03-2025 09:00,1741248000,zonnig,5,2,10,6,3,191,Z,0,263,Den Helder
186,06-03-2025 10:00,1741251600,zonnig,7,2,10,6,3,193,Z,0,379,Den Helder
187,06-03-2025 11:00,1741255200,zonnig,9,3,14,8,4,195,Z,0,463,Den Helder
188,06-03-2025 12:00,1741258800,zonnig,11,3,14,8,4,202,Z,0,504,Den Helder
189,06-03-2025 13:00,1741262400,zonnig,13,3,14,8,4,217,ZW,0,493,Den Helder
190,06-03-2025 14:00,1741266000,halfbewolkt,13,3,14,8,4,217,ZW,0,438,Den Helder
191,06-03-2025 15:00,1741269600,halfbewolkt,14,3,14,8,4,207,Z,0,321,Den Helder
192,05-03-2025 16:00,1741186800,helderenacht,11,2,10,6,3,204,Z,0,216,Enschede
193,05-03-2025 17:00,1741190400,helderenacht,11,2,7,4,2,210,Z,0,80,Enschede
194,05-03-2025 18:00,1741194000,helderenacht,10,1,3,2,1,194,Z,0,3,Enschede
195,05-03-2025 19:00,1741197600,helderenacht,8,2,7,4,2,159,ZO,0,0,Enschede
196,05-03-2025 20:00,1741201200,helderenacht,7,2,7,4,2,177,Z,0,0,Enschede
197,05-03-2025 21:00,1741204800,helderenacht,6,1,3,2,1,197,Z,0,0,Enschede
198,05-03-2025 22:00,1741208400,helderenacht,5,2,7,4,2,185,Z,0,0,Enschede
199,05-03-2025 23:00,1741212000,helderenacht,4,2,7,4,2,198,Z,0,0,Enschede
200,06-03-2025 00:00,1741215600,helderenacht,4,2,7,4,2,190,Z,0,0,Enschede
201,06-03-2025 01:00,1741219200,helderenacht,4,2,7,4,2,193,Z,0,0,Enschede
202,06-03-2025 02:00,1741222800,helderenacht,4,2,7,4,2,190,Z,0,0,Enschede
203,06-03-2025 03:00,1741226400,helderenacht,3,2,10,6,3,188,Z,0,0,Enschede
204,06-03-2025 04:00,1741230000,helderenacht,3,2,10,6,3,195,Z,0,0,Enschede
205,06-03-2025 05:00,1741233600,helderenacht,3,2,10,6,3,196,Z,0,0,Enschede
206,06-03-2025 06:00,1741237200,helderenacht,3,2,10,6,3,185,Z,0,0,Enschede
207,06-03-2025 07:00,1741240800,helderenacht,3,2,10,6,3,184,Z,0,30,Enschede
208,06-03-2025 08:00,1741244400,zonnig,4,2,7,4,2,198,Z,0,152,Enschede
209,06-03-2025 09:00,1741248000,zonnig,6,2,7,4,2,202,Z,0,285,Enschede
210,06-03-2025 10:00,1741251600,lichtbewolkt,8,2,7,4,2,199,Z,0,399,Enschede
211,06-03-2025 11:00,1741255200,zonnig,10,2,7,4,2,195,Z,0,482,Enschede
212,06-03-2025 12:00,1741258800,zonnig,12,2,10,6,3,197,Z,0,518,Enschede
213,06-03-2025 13:00,1741262400,zonnig,13,2,10,6,3,202,Z,0,504,Enschede
214,06-03-2025 14:00,1741266000,zonnig,14,2,10,6,3,207,Z,0,443,Enschede
215,06-03-2025 15:00,1741269600,halfbewolkt,14,2,10,6,3,206,Z,0,338,Enschede
216,05-03-2025 16:00,1741186800,helderenacht,11,2,10,6,3,214,ZW,0,233,Amersfoort
217,05-03-2025 17:00,1741190400,helderenacht,11,2,7,4,2,237,ZW,0,97,Amersfoort
218,05-03-2025 18:00,1741194000,helderenacht,10,1,3,2,1,233,ZW,0,6,Amersfoort
219,05-03-2025 19:00,1741197600,helderenacht,9,1,3,2,1,332,NW,0,0,Amersfoort
220,05-03-2025 20:00,1741201200,helderenacht,7,1,3,2,1,80,O,0,0,Amersfoort
221,05-03-2025 21:00,1741204800,helderenacht,6,1,3,2,1,6,N,0,0,Amersfoort
222,05-03-2025 22:00,1741208400,helderenacht,5,1,3,2,1,131,ZO,0,0,Amersfoort
223,05-03-2025 23:00,1741212000,helderenacht,4,2,7,4,2,142,ZO,0,0,Amersfoort
224,06-03-2025 00:00,1741215600,helderenacht,3,2,10,6,3,160,ZO,0,0,Amersfoort
225,06-03-2025 01:00,1741219200,helderenacht,3,2,7,4,2,159,ZO,0,0,Amersfoort
226,06-03-2025 02:00,1741222800,helderenacht,3,2,7,4,2,159,ZO,0,0,Amersfoort
227,06-03-2025 03:00,1741226400,helderenacht,3,2,7,4,2,159,ZO,0,0,Amersfoort
228,06-03-2025 04:00,1741230000,helderenacht,2,2,7,4,2,147,ZO,0,0,Amersfoort
229,06-03-2025 05:00,1741233600,helderenacht,2,2,7,4,2,153,ZO,0,0,Amersfoort
230,06-03-2025 06:00,1741237200,helderenacht,2,2,7,4,2,147,ZO,0,0,Amersfoort
231,06-03-2025 07:00,1741240800,helderenacht,2,2,7,4,2,152,ZO,0,22,Amersfoort
232,06-03-2025 08:00,1741244400,zonnig,3,2,7,4,2,154,ZO,0,139,Amersfoort
233,06-03-2025 09:00,1741248000,zonnig,4,2,7,4,2,171,Z,0,274,Amersfoort
234,06-03-2025 10:00,1741251600,zonnig,6,2,7,4,2,166,ZO,0,396,Amersfoort
235,06-03-2025 11:00,1741255200,zonnig,9,2,7,4,2,164,ZO,0,476,Amersfoort
236,06-03-2025 12:00,1741258800,zonnig,11,2,10,6,3,176,Z,0,515,Amersfoort
237,06-03-2025 13:00,1741262400,halfbewolkt,13,2,10,6,3,188,Z,0,510,Amersfoort
238,06-03-2025 14:00,1741266000,halfbewolkt,14,2,10,6,3,182,Z,0,410,Amersfoort
239,06-03-2025 15:00,1741269600,halfbewolkt,15,2,10,6,3,174,Z,0,302,Amersfoort
240,05-03-2025 16:00,1741186800,helderenacht,9,1,3,2,1,325,NW,0,255,Middelburg
241,05-03-2025 17:00,1741190400,halfbewolkt,9,2,7,4,2,327,NW,0,114,Middelburg
242,05-03-2025 18:00,1741194000,helderenacht,9,2,10,6,3,358,N,0,8,Middelburg
243,05-03-2025 19:00,1741197600,helderenacht,9,2,7,4,2,30,NO,0,0,Middelburg
244,05-03-2025 20:00,1741201200,helderenacht,9,2,7,4,2,85,O,0,0,Middelburg
245,05-03-2025 21:00,1741204800,helderenacht,8,2,7,4,2,124,ZO,0,0,Middelburg
246,05-03-2025 22:00,1741208400,helderenacht,7,2,10,6,3,121,ZO,0,0,Middelburg
247,05-03-2025 23:00,1741212000,helderenacht,7,2,10,6,3,140,ZO,0,0,Middelburg
248,06-03-2025 00:00,1741215600,helderenacht,7,3,14,8,4,166,ZO,0,0,Middelburg
249,06-03-2025 01:00,1741219200,helderenacht,6,3,18,10,5,181,Z,0,0,Middelburg
250,06-03-2025 02:00,1741222800,helderenacht,6,3,14,8,4,186,Z,0,0,Middelburg
251,06-03-2025 03:00,1741226400,helderenacht,5,2,10,6,3,178,Z,0,0,Middelburg
252,06-03-2025 04:00,1741230000,helderenacht,5,3,14,8,4,176,Z,0,0,Middelburg
253,06-03-2025 05:00,1741233600,helderenacht,5,3,14,8,4,176,Z,0,0,Middelburg
254,06-03-2025 06:00,1741237200,helderenacht,4,3,14,8,4,175,Z,0,0,Middelburg
255,06-03-2025 07:00,1741240800,nachtbewolkt,4,3,14,8,4,175,Z,0,17,Middelburg
256,06-03-2025 08:00,1741244400,halfbewolkt,4,3,14,8,4,180,Z,0,116,Middelburg
257,06-03-2025 09:00,1741248000,halfbewolkt,5,2,10,6,3,166,ZO,0,233,Middelburg
258,06-03-2025 10:00,1741251600,halfbewolkt,6,3,14,8,4,166,ZO,0,368,Middelburg
259,06-03-2025 11:00,1741255200,halfbewolkt,8,3,14,8,4,172,Z,0,463,Middelburg
260,06-03-2025 12:00,1741258800,halfbewolkt,10,3,18,10,5,174,Z,0,510,Middelburg
261,06-03-2025 13:00,1741262400,halfbewolkt,11,3,18,10,5,180,Z,0,524,Middelburg
262,06-03-2025 14:00,1741266000,zonnig,12,3,14,8,4,174,Z,0,490,Middelburg
263,06-03-2025 15:00,1741269600,zonnig,12,4,21,12,6,169,Z,0,396,Middelburg
264,05-03-2025 16:00,1741186800,helderenacht,11,2,10,6,3,207,Z,0,244,Rotterdam
265,05-03-2025 17:00,1741190400,helderenacht,12,2,7,4,2,220,ZW,0,102,Rotterdam
266,05-03-2025 18:00,1741194000,helderenacht,11,2,7,4,2,315,NW,0,6,Rotterdam
267,05-03-2025 19:00,1741197600,helderenacht,10,1,3,2,1,304,NW,0,0,Rotterdam
268,05-03-2025 20:00,1741201200,helderenacht,9,1,3,2,1,308,NW,0,0,Rotterdam
269,05-03-2025 21:00,1741204800,helderenacht,8,1,3,2,1,101,O,0,0,Rotterdam
270,05-03-2025 22:00,1741208400,helderenacht,7,2,7,4,2,140,ZO,0,0,Rotterdam
271,05-03-2025 23:00,1741212000,helderenacht,7,2,7,4,2,140,ZO,0,0,Rotterdam
272,06-03-2025 00:00,1741215600,helderenacht,7,2,7,4,2,155,ZO,0,0,Rotterdam
273,06-03-2025 01:00,1741219200,helderenacht,7,2,7,4,2,180,Z,0,0,Rotterdam
274,06-03-2025 02:00,1741222800,helderenacht,7,2,10,6,3,192,Z,0,0,Rotterdam
275,06-03-2025 03:00,1741226400,helderenacht,7,2,10,6,3,196,Z,0,0,Rotterdam
276,06-03-2025 04:00,1741230000,helderenacht,6,2,10,6,3,190,Z,0,0,Rotterdam
277,06-03-2025 05:00,1741233600,helderenacht,6,2,7,4,2,185,Z,0,0,Rotterdam
278,06-03-2025 06:00,1741237200,helderenacht,6,2,10,6,3,188,Z,0,0,Rotterdam
279,06-03-2025 07:00,1741240800,helderenacht,6,2,10,6,3,184,Z,0,19,Rotterdam
280,06-03-2025 08:00,1741244400,zonnig,6,2,10,6,3,192,Z,0,133,Rotterdam
281,06-03-2025 09:00,1741248000,zonnig,7,2,10,6,3,189,Z,0,271,Rotterdam
282,06-03-2025 10:00,1741251600,zonnig,9,2,7,4,2,184,Z,0,388,Rotterdam
283,06-03-2025 11:00,1741255200,lichtbewolkt,11,2,10,6,3,184,Z,0,476,Rotterdam
284,06-03-2025 12:00,1741258800,lichtbewolkt,13,2,10,6,3,196,Z,0,521,Rotterdam
285,06-03-2025 13:00,1741262400,halfbewolkt,14,2,10,6,3,184,Z,0,521,Rotterdam
286,06-03-2025 14:00,1741266000,halfbewolkt,15,3,14,8,4,183,Z,0,421,Rotterdam
287,06-03-2025 15:00,1741269600,halfbewolkt,15,2,10,6,3,184,Z,0,346,Rotterdam
